{"eval/accuracy":0.828125,"train/epoch":8,"train_steps_per_second":7,"_step":9,"_timestamp":1.7289827758576007e+09,"total_flos":3.13998814848e+12,"eval/recall":0.8186274509803921,"eval/loss":0.6106813549995422,"eval/samples_per_second":18.326,"train_loss":0.6070337976728167,"train_samples_per_second":436.011,"train/global_step":56,"eval/runtime":3.4923,"_runtime":59.672565325,"eval/steps_per_second":0.286,"train_runtime":49.9988,"_wandb":{"runtime":59}}