{"_step":8,"_runtime":50.627301896,"eval/runtime":4.8284,"total_flos":2.74748962992e+12,"_wandb":{"runtime":50},"eval/samples_per_second":13.255,"eval/steps_per_second":0.414,"eval/recall":0.8872549019607843,"train_steps_per_second":16.231,"train/global_step":98,"train_loss":0.45958063553790657,"train_samples_per_second":505.476,"_timestamp":1.728984274204017e+09,"train_runtime":43.1277,"train/epoch":7,"eval/loss":0.37998008728027344,"eval/accuracy":0.890625}