{"train/global_step":168,"eval/loss":0.3748675584793091,"eval/accuracy":0.921875,"_step":13,"train/epoch":12,"train_samples_per_second":298.132,"_timestamp":1.7289843713544097e+09,"train_loss":0.428811890738351,"train_runtime":73.1219,"eval/recall":0.9225490196078432,"_wandb":{"runtime":79},"_runtime":79.548233257,"eval/steps_per_second":0.482,"train_steps_per_second":9.573,"eval/runtime":4.1528,"total_flos":4.70998222272e+12,"eval/samples_per_second":15.411}