{"eval/accuracy":0.90625,"train_runtime":81.1151,"train/global_step":98,"eval/recall":0.9058823529411765,"train_loss":0.44452180667799346,"_wandb":{"runtime":88},"eval/samples_per_second":17.619,"total_flos":5.49497925984e+12,"_runtime":88.034792868,"_step":15,"train_steps_per_second":4.315,"train/epoch":14,"eval/runtime":3.6325,"_timestamp":1.7289839174699943e+09,"eval/steps_per_second":0.275,"eval/loss":0.39725443720817566,"train_samples_per_second":268.754}