{"train/global_step":76,"_wandb":{"runtime":107},"train_steps_per_second":1.998,"eval/steps_per_second":0.231,"train_runtime":100.1169,"train_loss":0.6586591820967825,"train_samples_per_second":217.745,"_timestamp":1.7289840785362961e+09,"train/epoch":19,"eval/samples_per_second":14.798,"_runtime":107.15772589,"eval/loss":0.6166471838951111,"eval/recall":0.8225490196078431,"_step":20,"eval/accuracy":0.828125,"eval/runtime":4.325,"total_flos":7.45747185264e+12}