{"eval/runtime":3.872,"eval/accuracy":0.90625,"_step":18,"eval/loss":0.3114772140979767,"eval/recall":0.903921568627451,"_wandb":{"runtime":111},"train_loss":0.4541872809914982,"total_flos":6.67247481552e+12,"train/global_step":119,"_runtime":110.944421906,"train_steps_per_second":3.373,"train_runtime":103.7755,"eval/steps_per_second":0.258,"_timestamp":1.7289838055751388e+09,"train/epoch":17,"train_samples_per_second":210.069,"eval/samples_per_second":16.529}