{"train_loss":0.6705044833096591,"_wandb":{"runtime":73},"train_steps_per_second":5.348,"_runtime":73.211857595,"_timestamp":1.728983669263352e+09,"eval/loss":0.6611666083335876,"eval/accuracy":0.828125,"eval/runtime":5.3033,"eval/samples_per_second":12.068,"train_runtime":65.4451,"train/global_step":77,"eval/recall":0.8225490196078431,"train/epoch":11,"total_flos":4.31748370416e+12,"eval/steps_per_second":0.189,"train_samples_per_second":333.104,"_step":12}