{"train/global_step":70,"_runtime":68.164703384,"total_flos":3.9249851856e+12,"eval/loss":0.51043701171875,"eval/runtime":5.2351,"_step":11,"train_loss":0.5877704620361328,"eval/samples_per_second":12.225,"train/epoch":10,"_timestamp":1.7289831162369628e+09,"eval/recall":0.8372549019607842,"eval/steps_per_second":0.191,"eval/accuracy":0.84375,"train_steps_per_second":5.805,"train_samples_per_second":361.577,"train_runtime":60.2915,"_wandb":{"runtime":68}}