{"eval/samples_per_second":12.604,"train/global_step":133,"eval/loss":0.4005727171897888,"_timestamp":1.7289832906146507e+09,"train_steps_per_second":3.224,"_wandb":{"runtime":116},"_runtime":116.315365083,"train_runtime":108.5636,"total_flos":7.45747185264e+12,"_step":20,"train_loss":0.5303395780405604,"train/epoch":19,"train_samples_per_second":200.804,"eval/runtime":5.0779,"eval/accuracy":0.921875,"eval/steps_per_second":0.197,"eval/recall":0.9205882352941177}