{"train_runtime":77.3252,"_runtime":83.640217979,"_step":15,"train_loss":0.5538609368460519,"train_samples_per_second":281.926,"eval/recall":0.8784313725490196,"eval/accuracy":0.875,"eval/samples_per_second":15.149,"train/epoch":14,"eval/steps_per_second":0.237,"_wandb":{"runtime":83},"eval/loss":0.3697381615638733,"train_steps_per_second":1.293,"total_flos":5.49497925984e+12,"train/global_step":28,"eval/runtime":4.2248,"_timestamp":1.7289841899577472e+09}