{"eval/samples_per_second":9.519,"_runtime":85.150252014,"train_runtime":75.971,"eval/recall":0.8911764705882352,"eval/loss":0.4723665714263916,"_step":14,"_wandb":{"runtime":85},"eval/steps_per_second":0.149,"train_samples_per_second":286.951,"train_loss":0.5802114717252962,"eval/accuracy":0.890625,"train_steps_per_second":4.607,"total_flos":5.10248074128e+12,"_timestamp":1.7289834960968845e+09,"train/epoch":13,"train/global_step":91,"eval/runtime":6.7231}